aircraft,duration,no_pasg,speed_ground,speed_air,height,pitch,distance
boeing,98.4790912,53,107.91568,109.3283765,27.41892425,4.043514571,3369.836364
boeing,125.7332973,69,101.6555886,102.8514051,27.80471618,4.117431699,2987.803924
boeing,112.0170008,61,71.05196088,,18.58938573,4.434043129,1144.922426
boeing,196.8256911,56,85.81332768,,30.74459724,3.884236124,1664.218158
boeing,90.09538136,70,59.88852818,,32.39768806,4.026096415,1050.264498
boeing,137.5958172,55,75.01434374,,41.21496259,4.203853398,1627.068199
boeing,73.02379492,54,54.4298029,,24.03532163,3.83764573,805.3039932
boeing,52.90318787,57,57.10166174,,19.38883751,4.643671777,573.6217861
boeing,155.5186161,61,85.44362425,,35.37538975,4.228727865,1698.992755
boeing,176.8620321,56,61.79671051,,36.74881612,4.184399013,1137.745758
boeing,158.4618984,61,53.77812674,,46.3558329,5.556399172,1075.371741
boeing,180.6165575,54,141.2186354,141.7249357,23.57593501,5.216802251,6533.047651
boeing,72.28963322,54,93.39176243,92.86956121,32.22348927,3.818276147,2128.708285
boeing,187.5995474,58,94.03641294,96.19646059,33.66122616,4.636184725,2304.857574
boeing,154.3687005,63,63.54061355,,26.40299187,3.856658499,1089.972953
boeing,165.5419454,69,48.77467327,,31.22866484,3.902046034,943.0684044
boeing,153.5463359,61,83.55649327,,29.89747326,3.519783726,1793.562823
boeing,107.1133194,78,86.80796203,,25.47701538,4.414218799,1910.87687
boeing,233.8024979,69,104.8084345,103.8684579,43.8827319,3.245097826,3213.985265
boeing,163.9065031,55,119.3804635,120.444708,38.55853601,3.701449389,4524.278862
boeing,97.47762327,63,73.53397634,,29.15246531,4.014006426,1332.038749
boeing,118.6305404,55,79.99481504,,29.3668661,4.407181257,1515.965275
boeing,126.5402879,70,94.78123028,91.14206884,39.47629878,3.594936148,2182.220737
boeing,179.9159184,66,63.67116531,,19.57469961,4.286733771,873.4408921
boeing,112.9000953,53,98.18041086,99.13583073,28.15299132,3.987471219,2586.665086
boeing,56.64048966,66,72.95365824,,36.15415722,4.387855916,1205.128025
boeing,86.82891131,62,91.71453579,92.87485191,28.77372948,3.305888078,2313.335696
boeing,157.3577323,57,72.32713078,,26.22328533,4.223180789,1105.365852
boeing,186.681414,49,66.41723046,,44.69269579,4.113543811,1176.027677
boeing,140.2363116,65,118.7420047,119.4021463,19.85619221,4.64626596,4217.129452
boeing,130.4635636,52,116.7134343,117.6564997,36.19552745,3.89435243,4240.094182
boeing,142.1553491,46,39.76929432,,39.65592106,4.599287227,1030.457488
boeing,155.8455708,62,79.74531585,,23.83944876,3.395922595,1322.21299
boeing,124.9445713,44,72.54666865,,42.85987954,4.028501716,1321.160671
boeing,98.69565788,71,69.75057874,,50.62376649,3.90849299,1426.482772
boeing,93.52862997,61,90.33189765,90.11101334,42.40818995,4.415127994,2259.844048
boeing,228.1771059,78,61.2203756,,21.77228662,4.595528368,970.0465186
boeing,201.3695835,71,41.45569236,,28.54387042,4.603117326,763.699563
boeing,155.9290694,71,71.99817148,,35.38350474,3.640397924,1227.900132
boeing,202.5462783,65,93.61520147,95.32244455,18.58645339,4.160108483,1987.817011
boeing,155.6274178,66,64.94698837,,27.0634843,4.438638855,920.2862647
boeing,194.6724536,63,95.73290733,97.18505051,47.58662218,3.73211201,2526.474898
boeing,79.99930958,64,100.1725421,100.2606698,48.60282484,5.055817986,2771.131265
boeing,136.9755229,60,59.09212896,,23.93620665,3.227014688,987.5597747
boeing,124.6593206,61,76.52979579,,20.2384801,3.943712236,1379.260881
boeing,119.7060061,63,67.96969923,,27.86290106,3.686221776,1237.473458
boeing,121.1083221,63,101.0473937,101.7221388,40.03855437,3.899868669,2830.437607
boeing,118.2642623,75,70.16824529,,17.74334083,4.266976343,830.7147472
boeing,122.1857086,65,70.25671816,,19.97791367,4.233379063,1160.869702
boeing,204.4458739,66,80.72575983,,46.84094597,4.409660029,1995.405204
boeing,176.3715365,71,62.21645126,,43.93767125,5.324747009,825.5222967
boeing,112.4734396,60,63.23825273,,29.62047956,5.225865163,832.5189486
boeing,196.2782342,67,78.66414773,,46.59125842,4.15208631,1768.473967
boeing,176.8539113,62,54.58021242,,19.86037983,3.146791095,669.1179437
boeing,247.2171021,57,73.31343283,,20.34399339,3.879488776,1217.321167
boeing,211.1735825,59,61.52598397,,15.39042259,3.706652165,751.9931442
boeing,116.9845419,67,122.756562,123.8825729,30.21656824,3.213703341,4807.879807
boeing,153.6574256,53,79.41385456,,14.4479785,3.246348354,1240.28041
boeing,150.8410966,59,56.44131436,,20.78311408,3.732028154,731.3317048
boeing,283.7633684,62,58.88931238,,4.264463444,4.77219304,425.858561
boeing,183.2996006,56,60.22534333,,36.48629155,4.471812683,914.2241046
boeing,154.0617419,63,94.63080988,93.9352803,41.42337543,4.757852551,2342.773242
boeing,135.1651165,57,85.58090807,,42.12870559,3.329604691,2123.800935
boeing,107.1201412,60,93.89933526,93.18623585,26.47087712,3.850435868,2157.418843
boeing,126.9465135,49,84.58860902,,37.08043943,3.344385492,1814.788787
boeing,161.8924678,72,129.2649183,128.417731,33.94899883,4.139951414,5381.958862
boeing,196.4641185,52,81.53309089,,22.41197923,3.702074231,1587.38801
boeing,130.9496192,76,44.73276313,,32.78299455,4.861881592,874.798644
boeing,70.9705818,61,80.37307753,,43.52470477,4.06291768,1812.43137
boeing,130.4888486,68,94.37662049,92.15345773,19.574381,4.636507033,1995.365543
boeing,152.7311973,54,83.65526686,,25.68433415,4.446307791,1470.784259
boeing,270.5959497,55,63.19308581,,20.80146742,4.009815492,829.0788858
boeing,97.76437201,49,66.19253037,,47.71570166,3.619190843,1595.133835
boeing,175.0846209,64,52.4931391,,-3.546252405,4.21328554,581.3809995
boeing,130.4243533,60,111.8883091,110.2045776,10.25522536,4.51172609,3164.468355
boeing,139.2129905,72,49.5096317,,30.85606305,4.249669131,827.4206744
boeing,165.8876077,60,49.16844522,,28.20654755,3.89020377,662.1715576
boeing,83.51500617,44,95.06873157,96.08419867,17.37666034,3.201148682,2183.798363
boeing,180.1435415,65,91.00027175,91.58605167,17.64125367,4.407986984,1838.56767
boeing,79.47081813,58,51.83629761,,18.98561719,4.826547356,676.1890383
boeing,218.0208821,61,98.20617207,96.03339786,24.53120364,4.38046476,2149.556719
boeing,71.57383472,52,46.96548979,,48.83622218,3.726898167,1136.014841
boeing,146.3856222,47,90.35427482,,14.11426852,4.040255003,1593.061127
boeing,133.5569265,72,94.27132924,92.87773553,33.04642415,3.785794946,2351.070957
boeing,209.2812934,67,76.53184373,,30.59879101,4.236967809,1236.378806
boeing,161.105148,57,47.88321069,,28.03676019,4.691509525,745.6527084
boeing,162.4527319,49,57.65125066,,30.30542542,3.934159121,981.8893648
boeing,88.95453875,64,71.3450445,,38.43039679,4.307896917,1215.691976
boeing,221.5172601,54,73.4668045,,42.13800428,3.465357385,1526.558846
boeing,156.80569,47,95.32257642,94.21516077,30.27010019,3.645134576,2233.048962
boeing,163.7399228,53,44.3942758,,37.76352155,3.815473029,996.8723271
boeing,17.37551305,63,63.57042961,,28.40667311,3.937864045,1032.464619
boeing,212.9430349,61,29.22765638,,23.34990112,4.396188122,1076.855217
boeing,124.3533763,67,78.95421851,,28.97287929,3.812459075,1480.572254
boeing,205.8736133,62,113.9963081,110.6599156,34.44342496,3.873845001,3405.350706
boeing,161.800817,59,72.60952201,,58.08354481,3.670238783,1698.184027
boeing,125.2279506,58,99.16859359,96.92801348,36.69434746,4.227166423,2556.595254
boeing,169.0856988,68,72.57166563,,39.69205873,4.073346733,1457.757668
boeing,153.786552,58,109.5385093,109.3823005,12.99066115,3.98795738,3188.26816
boeing,178.7133307,51,70.48019409,,7.582494584,4.816789316,822.2286414
boeing,108.341934,58,108.1331095,108.5009001,42.95239576,4.625701534,3545.252777
boeing,130.4174305,52,71.68148793,,9.688307724,3.758546409,975.341256
boeing,183.2640741,69,81.58024872,,27.6873877,3.752293623,1497.167716
boeing,155.4092058,60,45.06889718,,34.14751996,3.905816534,1196.455467
boeing,76.90451952,68,67.61028338,,44.06365527,3.82821659,1388.369649
boeing,163.0853723,61,106.6758521,104.4471566,18.84763797,3.509449928,2850.705968
boeing,146.1987742,48,55.4276062,,21.78570745,4.751194744,777.3378749
boeing,151.8784165,57,91.50820554,90.50331792,17.0872281,3.674610316,1780.109829
boeing,141.9341151,46,27.7357153,,24.40012763,4.368209323,1323.715778
boeing,124.24032,66,82.63463247,,18.26140344,4.293408461,1515.138849
boeing,112.31707,74,79.25798419,,37.19716518,4.337003084,1158.837673
boeing,135.0315072,61,84.88987244,,15.02185874,5.926784213,1668.206765
boeing,139.3841818,54,84.0958837,,37.31757828,3.873461258,1853.960193
boeing,158.787384,66,56.00824342,,36.59691743,4.108146118,1098.846112
boeing,202.6740993,64,52.55183483,,43.96869632,3.068905684,1208.495847
boeing,241.9500666,69,64.9721022,,28.50468235,4.068290822,1007.698804
boeing,171.7894991,64,70.19599022,,28.91994661,4.496927775,1197.821643
boeing,131.7474418,61,105.0636767,107.4416937,25.4439203,5.310677516,3062.065008
boeing,124.786611,68,106.1202401,104.1346773,42.89515986,4.036322088,2924.840588
boeing,99.15687395,59,93.253559,93.47107907,25.76397947,4.419371775,2047.697021
boeing,198.3716772,58,65.27557874,,24.89869681,4.387435674,904.2348254
boeing,254.1052947,54,63.27591407,,41.33416986,4.258199393,1183.920431
boeing,150.3039955,60,95.82177777,96.55237859,27.40356728,4.115287635,2206.675323
boeing,95.29773221,52,92.76937263,91.07249536,35.46322812,4.234651479,1960.400037
boeing,147.1956113,56,88.7051211,,40.94901507,4.127025647,1967.358605
boeing,191.0184614,54,80.33039844,,48.4267319,3.689757889,1809.459587
boeing,213.7791772,73,57.42689409,,48.86870351,4.184631779,1154.443614
boeing,150.3924901,46,112.1034354,111.4350692,19.7157721,4.50439311,3479.132808
boeing,223.3992212,59,42.79975309,,34.55297137,5.286630025,851.9621731
boeing,96.71237774,51,56.64540049,,26.53804471,4.222893973,1048.6182
boeing,206.9495941,52,69.38216667,,24.74034124,4.027983878,1005.118049
boeing,193.9957424,51,84.84092389,,23.30226549,4.956639959,1769.78102
boeing,107.4673347,56,71.96544851,,32.45502776,3.480585095,1249.734853
boeing,185.8033861,55,65.00203966,,48.27712004,4.662635963,1299.355679
boeing,157.1444283,60,52.61191492,,30.76743524,4.592019759,825.4783417
boeing,121.4551145,69,61.60778504,,22.77939661,3.398459955,968.2893499
boeing,149.4641709,50,85.62654418,,32.5429468,3.718828622,2046.073852
boeing,120.3527974,62,76.97275761,,12.35362286,4.808285777,1071.741743
boeing,170.7986135,65,52.27253785,,29.59401045,3.285684557,1057.708035
boeing,209.1063482,58,124.5698623,125.9869146,40.10112197,4.648428264,5147.410124
boeing,177.1926993,65,85.89863533,,33.53726381,4.02766297,1710.861484
boeing,126.2612171,58,72.60405776,,21.2211406,3.882487051,971.0709595
boeing,175.1511714,69,55.37996773,,54.27604275,4.653640925,1125.800542
boeing,179.9818317,54,41.20414116,,35.72948405,4.944040308,898.307233
boeing,65.69550834,64,92.64536148,94.73526141,23.52986919,5.256831441,2022.732294
boeing,127.9913313,59,114.2927349,113.8639374,25.46813856,5.13824264,3668.887841
boeing,100.9773977,57,91.22413126,90.00285858,45.02439155,4.103694405,2187.234566
boeing,187.2099922,54,88.56672761,,14.74857268,3.941838155,2041.672341
boeing,298.5223339,66,84.17897497,,26.31812878,3.839645057,1616.355662
boeing,78.45566283,70,107.9859559,109.4581269,19.70312071,4.762115032,3184.326362
boeing,183.5749584,70,64.97459002,,21.56043939,4.020990359,822.9371881
boeing,129.9283714,51,84.34998122,,23.85517566,4.618394536,1671.126465
boeing,217.9274198,59,96.37330746,97.10336181,29.91151577,4.552147752,2217.83089
boeing,94.43228155,59,86.37716296,,39.08627076,4.191377711,1943.132485
boeing,114.7627243,49,107.1315196,107.5199026,25.2000255,4.679502811,3011.379738
boeing,211.7091373,68,71.93673177,,22.52339448,4.845310188,1288.830981
boeing,78.24709997,72,76.99983101,,13.80119321,4.201937763,1273.664497
boeing,139.8563575,63,69.49464471,,24.57388372,4.67767728,1033.71516
boeing,111.008583,62,62.71732574,,27.45816418,4.696150676,844.7955526
boeing,161.2514448,57,87.76468641,,28.32049946,3.776627607,1987.153823
boeing,244.158929,54,102.8623393,104.4377067,27.61582978,4.675239045,2792.971199
boeing,73.12769293,50,46.54188735,,14.60308681,4.081770921,731.2032589
boeing,249.4269233,59,62.68325229,,39.91803517,4.433308867,934.5524145
boeing,80.39700096,68,54.887859,,31.81778908,3.311775055,1213.925881
boeing,113.3629569,56,113.9640293,113.7460912,44.73546318,3.93790577,4017.785457
boeing,119.9245528,64,136.6591583,136.4234214,44.28610918,4.169403737,6309.945976
boeing,197.1772966,58,113.8891372,113.4454832,33.45537585,4.233057802,3785.654418
boeing,97.08544042,61,78.18868502,,28.01117552,4.450830744,1341.178307
boeing,120.8245297,57,102.0541176,101.3356142,20.83454997,3.985369295,2498.816704
boeing,222.7020854,52,39.72571131,,33.26534803,4.452281705,1037.914549
boeing,215.4766857,65,75.26695455,,50.1660972,3.918215065,1712.83824
boeing,197.9226107,60,86.70013872,,27.11151392,3.97433071,1937.256256
boeing,164.2297339,54,76.13164105,,28.04519546,4.575445592,1267.761963
boeing,147.7544336,46,110.1459033,110.6041211,25.81705293,4.725849605,3435.391802
boeing,115.094687,63,79.92767322,,19.55473668,4.630718643,1067.838115
boeing,287.0025157,53,91.39992616,93.34317357,26.32923472,4.658434598,2020.273157
boeing,156.8477659,57,83.54441314,,27.60891003,3.96200611,1566.256332
boeing,139.4138651,61,93.273288,93.49604122,21.12850366,4.155737,2191.327051
boeing,211.0897828,54,89.95089104,91.1193375,33.65815821,4.28502888,2110.291032
boeing,154.9900171,66,108.9964188,108.3609104,15.53876616,4.548027851,3097.065401
boeing,128.9381099,79,106.9338913,108.4265132,30.45770916,4.8421492,3203.318841
boeing,85.96358049,71,86.41790448,,34.59458469,4.396002647,1703.505491
boeing,197.5463502,68,126.6691821,127.9641428,23.76423143,2.993151446,5031.386316
boeing,228.9632611,47,59.43902855,,8.726865493,4.033620316,653.6160908
boeing,132.1647529,61,85.93619471,,39.73510996,4.275707598,1712.106861
boeing,232.7938558,56,123.9568715,122.1866847,26.36754713,4.061951127,4483.859637
boeing,154.1944697,66,107.0590855,108.1774697,27.40795077,4.227419068,3158.877667
boeing,117.2230261,60,66.45700878,,28.24281175,4.093941426,979.6012754
boeing,95.46377894,57,90.82324378,92.91769928,40.49046316,5.005950883,2272.097436
boeing,293.2299603,61,88.4985767,,35.03420454,3.860923315,2079.851438
boeing,145.1661881,56,67.28112175,,38.99961739,4.802911286,1181.248016
boeing,168.7605698,61,66.43087867,,29.24201043,3.615376508,1163.317109
boeing,154.2845505,66,62.08325345,,22.65853698,4.614588527,974.863239
boeing,149.8704904,63,60.62237576,,35.46166597,4.946960305,1146.377128
boeing,148.0138388,45,85.30664108,,33.59281167,3.858019519,1683.305738
boeing,161.460877,65,73.9778799,,30.671884,4.876425649,1187.676852
boeing,72.41676828,54,85.46759142,,34.04388795,4.182089183,1978.311409
boeing,225.5550816,55,55.54721135,,36.41984195,4.490203251,1053.826521
boeing,104.8660005,59,90.20736473,90.79070995,28.27503955,4.723399982,1880.294666
boeing,107.3361832,64,99.02078931,97.33031582,32.89078896,4.377684811,2405.907939
boeing,182.201019,61,104.2951256,103.0964363,32.65953361,3.872558738,2689.159694
boeing,143.3326155,68,33.82295331,,37.68049594,4.07034688,936.5780722
boeing,146.0433711,69,71.78730588,,-1.528129182,4.199460465,738.6543693
boeing,217.5031257,51,53.69192205,,19.91156724,3.112636073,984.4277329
boeing,147.0319159,76,63.59794232,,36.48904236,4.491773429,1051.93696
boeing,114.2595095,61,90.00941319,,39.0970712,4.621878456,2086.975659
boeing,162.2121755,66,60.09626972,,23.46475972,4.019142663,781.2630851
boeing,190.9495004,53,100.5897492,98.33930557,18.83504084,4.488083402,2164.521515
boeing,131.5208613,50,48.32520083,,29.33721712,3.621247389,967.4641261
boeing,272.0390578,59,118.9227245,120.3970352,15.04934851,4.10657236,4279.567211
boeing,101.4524791,63,46.756897,,37.34315184,4.686008487,847.6572925
boeing,121.6157025,62,59.32138735,,35.28659267,3.6869803,1083.386949
boeing,172.5601221,77,82.29713755,,44.75871635,4.229309044,1809.27205
boeing,112.2405007,62,85.0890214,,13.19091062,3.257997821,1782.367227
boeing,161.8256916,80,82.5090554,,36.68019403,4.685310032,1590.371922
boeing,206.1669702,58,104.6639371,104.7041439,38.21435031,5.051623326,2930.2095
boeing,117.0200734,49,54.72913855,,26.06162653,4.449761734,800.1346483
boeing,159.6404002,63,60.41911509,,16.33819969,3.943083444,858.4125123
boeing,137.7273808,48,57.90133743,,30.58731981,3.535334968,831.094788
boeing,184.0417842,62,69.70814804,,15.34668669,4.044701273,1116.758246
boeing,130.2178467,56,93.54933165,90.76799986,16.29289399,3.461762988,1852.00099
boeing,222.2898916,63,101.523306,101.118924,27.15831085,3.36034901,2849.457035
boeing,186.5109312,61,70.79038874,,12.09962253,4.153902246,959.1384468
boeing,159.8108131,69,86.31520961,,33.82363421,4.587048442,1898.742484
boeing,194.8486938,50,64.4580411,,34.5481248,4.605419274,962.7901473
boeing,163.9636794,42,78.28248862,,15.7302712,4.057992087,1328.98546
boeing,142.3060662,66,67.49313716,,26.49434514,4.49319783,1234.502056
boeing,191.1224564,56,42.01980561,,43.87605031,3.407822618,1089.05271
boeing,193.510367,50,63.262519,,32.10837638,3.903903011,1100.351424
boeing,196.8562762,55,42.5297141,,27.591838,4.485293843,872.5754208
boeing,159.8514408,61,107.3014606,105.9131448,15.32620727,4.25025776,2652.802421
boeing,116.6125513,63,75.73157955,,21.30956605,4.15171149,875.7864986
boeing,158.1627769,72,74.83347396,,26.18697103,3.986326582,1449.079402
boeing,219.7211559,76,88.10346243,,42.08549582,4.654009798,1927.053678
boeing,217.2780679,57,74.01840118,,41.38192685,4.85323642,1579.757188
boeing,79.05281803,67,54.24789627,,43.97102611,4.287360142,1305.924564
boeing,183.3830524,51,83.56114456,,42.05393585,3.686819564,1826.763882
boeing,133.4598562,73,57.04529949,,1.253855256,4.715384239,371.2772609
boeing,212.9509216,57,79.33632882,,55.09350915,4.774936406,1817.392866
boeing,71.75094301,56,55.79176188,,25.80696259,4.224552282,671.3032212
boeing,93.78136273,51,42.61322981,,37.94569604,4.634270282,1122.032963
boeing,183.0711828,50,83.26837221,,26.89922875,4.601064799,1479.842308
boeing,260.0340168,46,91.65669622,93.05483435,44.60146126,3.692308194,2482.656314
boeing,169.8441908,59,91.78849184,91.27691411,31.44132062,4.553409722,2051.218761
boeing,136.3277615,52,38.25902008,,28.33828356,3.937631589,981.1479631
boeing,91.88983759,57,62.63738999,,33.41092931,4.578106997,1029.342782
boeing,124.5435375,75,69.88024825,,31.31135869,4.687916541,1045.030286
boeing,41.94936936,56,71.21282588,,38.39864105,3.72307442,1225.512463
boeing,124.8799009,61,63.45721573,,27.24517134,4.513426708,1056.460345
boeing,189.6629425,46,105.6859913,107.6542715,36.48567606,3.548426962,3447.361504
boeing,277.1760052,52,119.6539367,120.1923222,25.18276265,4.93424075,4292.167512
boeing,236.1929335,73,52.36044912,,44.1210818,4.497088738,1078.098893
boeing,114.193719,67,77.41822091,,21.65620482,4.630606482,1185.228038
boeing,205.9234494,59,92.09829053,92.16903255,44.69709167,4.234069804,2339.384194
boeing,107.7317815,64,93.74599455,94.40576531,29.612945,4.300253626,2101.767793
boeing,202.6886556,69,90.94389284,90.53334885,39.46128477,3.12582299,2191.100411
boeing,96.94121546,70,94.03048563,94.52062444,23.59447657,4.152119013,2135.786296
boeing,164.2389521,59,113.0295209,113.1746923,38.3482703,3.276835141,3913.228725
boeing,130.1689152,77,55.08668578,,38.03281779,4.097120634,998.0970063
boeing,210.9619291,60,70.05955351,,37.11729709,4.913644484,1395.140403
boeing,149.2241775,60,99.47419154,101.0951186,19.85290399,3.3027472,2560.761089
boeing,209.0646768,64,76.00804654,,40.46384937,4.514395811,1502.066709
boeing,216.9742985,65,71.46817889,,36.82118468,3.654835875,1267.114677
boeing,142.1380034,61,105.1004528,103.3531148,28.63377367,3.454209869,3152.596502
boeing,158.5636389,63,77.85880134,,32.43047228,3.993557164,1457.757914
boeing,171.2047808,47,44.64003864,,35.05178481,3.910980906,993.1838659
boeing,151.3042535,59,88.95677378,,12.87010264,4.544419135,1669.585291
boeing,175.2999485,62,89.53340164,90.47672372,39.5637144,4.114118006,2196.472721
boeing,209.6720675,48,76.51574185,,41.40728351,4.1932644,1398.239703
boeing,127.2225769,59,107.6144764,107.8726224,31.38820356,4.552326315,3133.347923
boeing,160.3282042,66,87.8870624,,19.45032928,4.810300645,1543.387011
boeing,124.480062,60,114.4807166,114.6902912,45.07766629,4.334136923,3873.095658
boeing,228.8802434,58,72.77516529,,44.69761249,3.969983691,1570.339923
boeing,168.6575028,56,80.92131062,,59.94596394,3.95202625,1936.013629
boeing,218.7771768,65,88.98619379,,22.93016205,3.481232775,1770.92477
boeing,109.4517222,66,117.6405912,112.2649549,35.91003582,4.058218153,3741.067716
boeing,134.8296946,60,73.8379741,,32.78297113,4.071423546,1260.611633
boeing,233.4275422,65,92.48929088,94.52436388,20.91257687,3.940868615,2104.089685
boeing,131.2324215,62,79.62187606,,32.94448341,5.070436514,1510.212707
boeing,115.3952055,66,65.53987866,,33.84955295,4.234537173,962.6091236
boeing,105.5783525,56,86.83861371,,17.78575483,3.61250197,1723.748608
boeing,198.3739059,52,69.0979798,,35.27139616,3.734621255,1111.793365
boeing,177.2652771,44,70.01467474,,22.16416333,5.050643001,944.2389353
boeing,176.3055956,64,65.8136796,,21.67895259,4.884459859,690.0014783
boeing,157.7854324,60,79.41552326,,50.84030032,4.283000114,1960.430378
boeing,64.15553049,68,75.59231096,,32.96584215,4.063150907,1230.99193
boeing,166.660164,56,82.22587167,,18.96477641,5.034066508,1338.467996
boeing,56.55062968,48,84.55188615,,26.39395723,4.881639244,1531.635572
boeing,176.5425138,55,69.89981333,,11.990373,4.45874917,812.2229918
boeing,148.4848791,55,68.77497977,,20.5053355,3.366378657,1191.939732
boeing,148.4373352,65,53.53999942,,30.15867996,3.565723523,1024.094795
boeing,71.87704647,50,40.67673857,,39.55044216,4.185299544,974.5721084
boeing,92.33607081,61,54.03134771,,14.56430524,4.668126685,770.6422165
boeing,169.8363484,63,93.9851119,96.26241609,29.63359882,4.470941801,2444.528589
boeing,106.514094,64,92.8859126,92.64578926,20.38614078,4.117407039,1977.117193
boeing,79.70586314,75,106.7461226,106.733176,18.34620158,4.807401733,2785.855295
boeing,99.99668366,63,77.98222986,,48.74096658,3.636536324,1655.634415
boeing,150.1736878,67,84.18742391,,40.75723489,3.922888306,2065.305444
boeing,86.58059827,55,80.39088864,,37.01430182,3.651854153,1426.507804
boeing,152.5763119,60,101.4403504,101.6932259,23.4525403,3.653296765,2740.802274
boeing,174.6068959,48,100.2734261,98.71604771,25.3203018,4.161057905,2503.700063
boeing,155.0079252,43,92.13090942,93.67581629,35.18698888,3.690853944,2370.007204
boeing,105.9719547,53,64.1935362,,30.29964051,3.812796476,1053.633336
boeing,242.4357687,64,74.21633762,,22.22679416,4.070615936,1338.261825
boeing,168.2301392,74,86.8527474,,16.89446175,3.830896019,1725.380492
boeing,14.76420715,59,108.2916903,109.3275844,46.93087367,4.80962174,3645.611003
boeing,109.2770663,69,79.73313082,,31.05876796,4.281984095,1500.705347
boeing,203.8958261,63,46.03610999,,26.58775066,4.227021402,929.6876125
boeing,136.959598,57,95.22781605,94.20363231,22.60304162,4.132197959,2270.053655
boeing,190.7456828,60,89.80295009,,26.56100177,4.514570749,1829.237213
boeing,126.2953345,69,74.37304661,,49.03957661,4.834464864,1548.690358
boeing,193.4966005,55,56.91484628,,33.28627368,4.017490955,969.9593635
boeing,180.6411473,67,55.82746814,,41.04866303,4.121828413,1101.434354
boeing,200.4484551,58,54.59178589,,30.3659061,4.440590758,925.3857307
boeing,204.1379813,61,86.48737295,,35.0174719,3.667527207,1935.072713
boeing,161.1073436,49,80.13014417,,31.19027527,4.807348442,1361.910376
boeing,154.5246036,67,129.3071841,127.5933206,23.9784968,5.154698912,5058.469516
boeing,89.35808179,55,111.2025472,110.6840758,41.85241318,3.861643426,3698.125798
boeing,195.2876811,52,111.1279284,109.8216216,28.883346,4.766634547,3439.725467
boeing,163.7875815,55,82.55939946,,37.12243721,3.597170658,1813.842645
boeing,247.9840102,52,62.90034686,,42.12762915,4.835617211,1021.992946
boeing,142.6796308,64,43.34610704,,37.36453058,5.086087718,807.7966727
boeing,99.10293386,47,73.85437083,,18.77968734,4.91502424,1352.959628
boeing,151.458169,56,41.61032952,,25.01060348,4.612378586,735.7991783
boeing,106.6372379,66,64.8929268,,29.43995021,5.017472933,924.1028737
boeing,122.7672694,60,64.41866417,,39.03936904,4.406810859,966.9067906
boeing,133.7650124,52,80.41974996,,11.97406706,4.252953199,1200.935888
boeing,70.97308818,55,58.89375341,,26.0349252,4.313972991,987.7883222
boeing,75.01276173,60,99.37868563,99.94450998,33.94566709,4.396185741,2578.23766
boeing,126.3237454,65,65.88532956,,19.60000306,4.68790103,846.1806421
boeing,117.319148,58,67.05132358,,34.30159006,3.958568141,1174.751658
boeing,206.065726,44,61.84797597,,26.93962735,3.93727374,896.5809113
boeing,211.1745403,51,65.10487676,,27.03353364,4.417177351,980.4528169
boeing,211.8887287,48,43.17479943,,34.91842211,4.025280804,1057.153121
boeing,131.0306408,54,69.74140797,,37.51359106,4.288266391,1387.768521
boeing,204.9550072,64,95.67754218,99.11260304,41.44476609,4.777534014,2718.429754
boeing,167.6157248,56,110.9901105,109.7517891,58.08178965,4.495264388,3723.054753
boeing,123.1864261,63,73.8751795,,47.16664187,4.435150659,1394.530325
boeing,166.1045307,48,116.5924919,118.0114174,13.26323991,3.133958875,4129.04226
boeing,102.4198377,66,104.0329109,102.8467634,27.83361523,4.860966018,2637.532436
boeing,79.27589173,55,90.25381459,90.36740373,40.27904312,3.946044894,2001.054427
boeing,164.1038984,58,71.1823746,,35.05826831,3.958377908,1310.603805
boeing,124.710641,64,72.26122504,,36.31837196,4.172914739,1105.246712
boeing,197.8767936,59,88.68758031,90.73047306,38.02784874,5.11842278,2073.155156
boeing,159.2211684,29,62.69967062,,27.14564721,3.635173816,1016.950536
boeing,176.2551259,60,93.0672112,94.9701963,35.55160394,5.117117454,2238.359535
boeing,126.0401167,57,105.7192215,105.1044784,37.32569983,4.060050924,2984.023688
boeing,186.2232575,60,83.24409851,,36.09386585,4.616003525,1771.622268
boeing,99.19385845,60,119.6774925,123.0493324,27.55802461,3.640564736,4455.647775
boeing,192.181773,67,34.30363513,,30.1382747,4.499508917,1001.080567
boeing,146.3452151,53,84.94344597,,24.87463066,3.889326918,1658.969957
boeing,149.691087,69,64.95526863,,22.23731333,4.106778656,786.6096724
boeing,72.50493602,60,93.14474537,91.58629912,28.31100835,4.729995759,2072.90728
boeing,163.6083374,60,97.50271932,99.43390683,34.08226673,4.737541835,2652.956107
boeing,194.4671661,82,40.81518867,,22.61844407,4.876595231,761.4850777
boeing,226.5716674,68,50.85925488,,31.05896616,4.122637666,840.5429927
boeing,172.6737247,60,78.7693268,,20.22016776,4.419573694,1195.942141
boeing,157.8087398,64,78.84725069,,19.14112948,4.26024494,1435.924568
boeing,128.8875653,63,102.5430651,104.6244013,28.78856907,4.704165536,2774.454162
boeing,87.73641399,67,92.40023965,92.42513501,34.10775742,4.335353091,2144.584563
boeing,224.7461252,59,91.2220701,92.75257641,31.3636825,4.25465368,2174.699165
boeing,121.9341177,52,99.853089,100.6615581,17.88414766,4.638566015,2478.60892
boeing,129.41474,63,85.54483993,,25.43492914,4.398630035,1679.739101
boeing,84.29650585,65,34.11776613,,35.26670653,4.290268915,1198.089203
boeing,193.7262855,61,91.51151296,93.20777537,29.83688464,4.070321995,2186.622129
boeing,201.8908613,52,81.55242066,,25.60020178,4.133404669,1646.697151
boeing,172.4429347,63,74.83184782,,22.16663581,4.323419283,1176.124446
boeing,31.39100825,51,98.21980067,99.05751459,52.4731409,4.162337121,2808.315124
boeing,92.45028784,49,101.5435039,101.8498002,18.16939407,4.822683386,2573.053247
boeing,106.1080478,69,97.17487175,98.6377182,38.44115312,3.577308752,2628.536316
boeing,158.4190187,62,65.64289361,,26.96473354,3.45954362,1154.219917
boeing,146.5497449,53,58.28897372,,27.96868208,4.311889534,919.047479
boeing,63.32952055,52,132.7846766,132.9114649,18.17703022,4.110664241,5343.200954
boeing,124.3786455,72,60.36704373,,3.788919521,3.706088832,641.5995682
boeing,213.9845089,49,80.3940577,,16.9624132,4.098020028,1531.287058
boeing,173.7515291,70,68.46281794,,35.02764569,4.956685294,1098.284875
boeing,141.6464517,54,64.99673603,,12.7208876,4.368165629,960.1847341
boeing,119.6440291,68,70.17846387,,2.205194455,3.73977468,816.206641
boeing,84.36845061,51,75.11602242,,34.87956801,3.930757513,1270.303179
boeing,146.1812634,59,65.33435765,,32.6669052,4.405343846,968.4368198
boeing,147.9921665,59,80.99249529,,21.70514797,3.363627942,1485.541259
boeing,177.6213329,49,65.5708695,,8.825172896,3.667368498,839.2651694
boeing,192.272328,64,71.75354437,,15.87044759,4.46547944,920.71563
boeing,136.6492805,50,61.20244996,,28.40515603,3.999958911,1123.404062
boeing,160.3357667,63,78.27029821,,32.73211572,3.902389777,1346.541074
boeing,233.4312386,68,34.22206366,,28.62915593,4.788842566,955.9096666
boeing,168.6306132,70,77.53525727,,21.04721991,4.219292483,1375.020063
boeing,94.31989677,66,83.63511018,,23.46640614,3.548707132,1499.724266
boeing,164.7743639,67,53.11398435,,27.92043328,4.322722904,819.2360016
boeing,130.750259,61,65.76012914,,28.66693865,4.481579559,893.5779542
boeing,142.4203213,59,80.4334498,,19.78750479,4.016768468,1445.865262
boeing,183.9575028,63,45.85719374,,39.80447078,3.96076458,1050.550585
boeing,147.9053361,64,90.49952356,,31.4011742,4.357043076,1853.94797
boeing,134.2192934,58,43.12445397,,36.98798361,3.849342542,977.3980544
boeing,137.9228732,54,47.14882257,,46.42619482,5.118323402,1128.968076
boeing,99.68150296,61,121.8371367,120.9534052,33.18459658,3.867476131,4427.670764
boeing,68.2015367,63,67.95563683,,39.47948351,4.779564962,1344.340349
boeing,83.5125697,67,78.62548808,,17.3421908,3.863408627,1104.404226
boeing,212.29018,46,89.53371321,90.62618143,35.4947429,4.001038048,2148.107929
boeing,153.8344532,61,126.8392785,126.1186482,20.54783385,4.33455751,4736.604581
airbus,132.4694249,80,100.0105531,100.891677,41.03301068,4.297501621,2554.833062
airbus,109.1971341,43,82.48304498,,30.14002489,4.089628419,1321.000065
airbus,93.95292691,58,96.87868635,98.08588314,29.17809512,3.967524021,2008.220723
airbus,45.63542309,60,93.79386212,,42.83093545,4.271324799,2003.43865
airbus,99.14806292,63,97.09691392,96.91373777,33.14424566,3.516297566,2060.169425
airbus,199.4371331,69,58.10907688,,24.20102213,3.634165727,418.0194627
airbus,141.9683336,63,85.84936234,,46.46818205,3.401552755,1492.67172
airbus,203.1313519,55,90.26100469,,42.31892304,3.27457171,1446.855748
airbus,199.7984001,55,61.7120541,,34.97654535,4.080557542,643.8563415
airbus,112.8714991,60,104.4554004,103.6715358,23.78358711,3.902655325,2488.998484
airbus,148.4950041,53,99.87452252,98.72406361,39.52042565,3.904120654,2404.743093
airbus,89.07554873,57,74.21220198,,25.74743219,3.675192411,852.7761144
airbus,109.7910157,50,85.88079228,,33.46631492,3.462927709,1408.568592
airbus,209.1936615,54,50.81293077,,38.84131635,4.0338981,566.926928
airbus,143.5206926,66,78.58028992,,33.75012614,2.284480142,1011.337258
airbus,147.814026,60,84.68504672,,45.64349143,3.663163568,1454.297655
airbus,217.1230838,66,94.81425838,97.63134172,33.05836552,3.823554779,2017.601149
airbus,142.4694036,66,63.91895967,,30.15346571,3.065090301,428.9918282
airbus,99.01916567,56,91.23670956,,15.59892741,3.368876134,1450.575022
airbus,198.8694626,58,61.12702553,,22.51924496,3.445293539,397.5428334
airbus,131.7310956,60,131.0351822,131.3379485,28.27796554,3.660193646,4896.294608
airbus,274.2177349,65,84.13685864,,28.40105968,3.593594411,944.666204
airbus,160.392815,55,103.275825,105.1870955,54.19854035,3.95212311,2837.08085
airbus,79.3439518,64,92.53434772,,22.22841041,3.599575712,1816.977593
airbus,87.34596996,59,87.92651137,,28.79089616,4.011354326,1555.400748
airbus,139.5750619,63,95.67814249,,31.64708797,3.639285514,1819.592442
airbus,103.6598634,50,83.43876912,,24.59706529,3.901858534,1251.426453
airbus,137.1545385,52,89.05959197,,44.76431669,3.745344152,1528.02605
airbus,205.3641755,56,91.46226196,,19.36963212,3.378962978,1658.461052
airbus,122.7333014,68,94.35154878,97.5667382,45.45786555,4.211725648,2376.800979
airbus,179.9956282,66,57.24383523,,35.32552911,3.066505737,383.5777212
airbus,149.6180129,73,91.58094067,,30.85554433,3.269104876,1457.047901
airbus,182.8820872,76,66.33155205,,30.28057158,3.467771863,616.1473874
airbus,117.7405601,59,47.67980152,,28.6064927,3.75204658,406.0892828
airbus,123.3024215,41,97.56820399,96.9784367,38.40919295,3.532271983,2167.757692
airbus,213.6404677,63,84.9142067,,36.43109001,4.176991721,1829.161647
airbus,45.50277892,58,107.2876684,105.6851199,21.83356435,3.399818592,2542.335626
airbus,241.4524787,73,77.96759131,,28.97552649,3.52967392,1000.587166
airbus,181.5220626,56,92.13143495,,20.58656859,4.175877348,1656.063629
airbus,234.4433106,68,92.64463192,,43.07741407,3.862213672,1860.8023
airbus,145.2255946,53,74.36406127,,27.90797072,3.837280025,853.2808126
airbus,191.3615633,62,88.39424047,,28.34875579,4.362477749,1465.259326
airbus,16.8934549,54,94.51105222,95.93092686,37.47696705,4.173322126,2162.92737
airbus,91.1370525,51,81.95239213,,27.50301296,3.57400856,937.681381
airbus,113.3760504,52,98.89157199,100.5280564,33.57300738,3.503460778,2169.672573
airbus,192.312699,52,79.41196427,,40.21313967,3.776550958,1216.267592
airbus,247.49599,66,100.754772,100.836794,19.02871107,3.167978043,2123.147088
airbus,237.4052767,48,53.77401312,,28.26080222,3.175529599,241.1609642
airbus,113.9056176,50,90.68955419,,19.11775158,3.577551657,1394.711735
airbus,193.7999709,68,84.98048384,,27.98660639,4.495293794,1522.960351
airbus,178.53721,50,77.07920079,,24.83368271,2.689553269,880.800449
airbus,203.254335,53,81.27102299,,26.16330718,4.174618595,1141.454011
airbus,193.120077,59,96.19656417,98.11607415,42.30773184,3.613914371,2330.988071
airbus,137.8076677,63,69.12311692,,31.15168123,4.05639369,825.1117223
airbus,147.2498181,70,87.9974299,,34.08079206,4.401251822,1467.700294
airbus,217.7301654,61,77.05464334,,28.86808122,3.776420509,877.3275455
airbus,188.0179773,38,85.18084225,,37.02879369,4.121690172,1257.009252
airbus,249.8936036,70,99.06970965,98.87141986,36.19584336,4.491129194,2268.782699
airbus,175.130423,58,66.94393629,,40.52383661,3.921750266,795.713404
airbus,248.0993905,67,83.35184482,,39.97970229,4.003885741,1083.179128
airbus,107.226905,60,75.89977019,,22.05836728,4.231927935,778.160775
airbus,162.7875497,74,95.50900054,,37.35030624,3.899501513,1685.380557
airbus,216.8764025,45,91.61859574,,38.32419938,4.743631453,1967.610994
airbus,31.7016661,61,76.35417643,,30.99102181,2.817379602,948.4737672
airbus,199.5058076,51,59.09982509,,41.60400294,3.640534424,562.1659197
airbus,108.722069,64,99.81738346,100.309897,16.21528059,4.314091631,2080.219501
airbus,188.9118803,65,71.64279379,,27.36795517,3.36224253,642.4546187
airbus,202.2760454,52,59.5587814,,31.83049687,4.922688324,650.3277785
airbus,145.1702721,67,109.6105829,107.314543,27.89476408,4.215412789,2781.72633
airbus,223.9523314,56,99.3250359,99.39736454,36.78268286,3.180070969,2059.537738
airbus,215.1422212,61,76.35805078,,34.75556429,4.625432794,1085.822262
airbus,123.1831522,63,106.9292252,106.7602536,26.92785959,3.203513824,2770.429617
airbus,77.46403416,66,103.3163873,98.12992864,20.1166036,4.333835077,2167.272769
airbus,184.3473805,70,73.00944413,,31.0243184,3.990154694,884.3482191
airbus,143.6759535,55,59.07501405,,52.37856012,3.650463294,817.1157362
airbus,125.2779875,50,71.07198278,,39.2215211,4.229041676,886.8887875
airbus,190.8336252,71,93.79901336,,45.78482636,3.970207725,2143.274116
airbus,173.3664241,62,92.30455255,,19.23923853,3.397075567,1451.396153
airbus,181.7017505,48,79.79396044,,34.53268307,3.76482161,1159.546617
airbus,142.5876457,66,51.15822839,,8.559069177,3.913447785,242.5958865
airbus,208.8790067,56,53.8887624,,23.49666819,4.000015921,375.3259679
airbus,184.6181926,65,95.6169719,95.01136457,23.27839541,4.56555112,1763.771075
airbus,133.5073533,64,60.18457484,,31.10552539,4.269205221,512.8429781
airbus,54.2182399,57,63.42136297,,42.94964452,4.549010374,700.9946244
airbus,161.0921545,64,94.52625534,,49.23998474,4.506374218,2134.19329
airbus,192.2828732,64,33.57410407,,36.97068987,4.358464337,782.7174172
airbus,103.0908467,73,92.99494238,,-3.332387973,4.830559295,1567.665722
airbus,102.9533313,56,84.40548807,,45.91427423,3.802215617,1495.051916
airbus,179.8984873,61,93.17732808,,37.57496308,4.32476301,1938.530546
airbus,168.79553,47,92.90759178,95.76298162,23.78489718,3.90867405,1955.303491
airbus,171.437306,55,86.77431193,,25.91501489,3.980676231,1188.164393
airbus,140.4182398,61,100.0890381,100.5114311,35.48940451,3.527173788,2369.084038
airbus,186.1950267,60,82.4927497,,38.18076511,2.867255201,1143.122182
airbus,139.6397821,57,64.35563352,,41.31569771,2.675985132,714.7083936
airbus,173.640831,56,93.01645932,,31.34139333,4.10903405,1840.053049
airbus,88.44226855,60,81.33992331,,19.55789013,3.432962023,1101.55919
airbus,149.8208428,59,80.20328434,,27.52090572,3.829242129,1188.621425
airbus,128.3733657,64,55.46162511,,14.65127605,3.979211754,180.5652253
airbus,149.6947262,54,80.50218607,,38.38733031,4.654898722,1153.892038
airbus,206.5537891,77,76.45717378,,31.91814671,3.802320394,877.018871
airbus,188.9240026,61,72.88043211,,49.08043336,3.896208179,1133.551849
airbus,92.64812188,53,55.16152854,,30.16708436,4.472054571,623.006733
airbus,104.7790696,59,55.02755603,,51.78124791,4.475374545,837.9681528
airbus,182.7116757,45,77.80550214,,20.18995839,4.178015403,905.4978838
airbus,157.1672869,48,101.8385049,103.6349713,23.01162175,4.942973063,2524.567662
airbus,138.2349275,59,64.81367194,,14.78033647,4.220951655,402.9313007
airbus,165.4989823,75,56.98164342,,40.38531707,4.330999774,762.7337699
airbus,55.91944435,71,98.67330223,98.93870094,40.21474942,3.879809029,2189.995729
airbus,104.6056585,56,57.99105884,,33.54590703,4.121476981,584.7954667
airbus,99.34653551,51,88.51343372,,29.68571974,3.923983597,1446.573235
airbus,190.7917086,58,93.6722814,95.09882177,33.63097881,3.459215333,2048.494173
airbus,210.5681701,60,77.46411572,,24.06669282,4.836957057,1023.104658
airbus,93.54080777,40,80.62741668,,28.60255713,3.623420189,1021.088812
airbus,173.5727587,48,69.44026699,,21.23570414,4.234948585,860.4370839
airbus,164.8769114,55,81.16549903,,32.27751547,3.563086896,1176.578462
airbus,207.3949822,73,104.7001061,107.7866584,9.697216,3.172456581,2340.582797
airbus,184.5313225,63,71.21070304,,20.94112904,3.630080209,615.7612372
airbus,109.544489,67,85.05632094,,28.1756833,3.763315012,1553.500291
airbus,60.53364415,64,52.98412692,,23.86500257,4.322738314,487.4686656
airbus,130.3739453,76,72.3449001,,32.48575907,4.28561791,839.2456429
airbus,151.6784221,68,100.6416682,102.1101477,32.97737358,4.483191608,2454.203172
airbus,112.0753186,58,76.77183483,,25.94757,3.443024794,824.0388382
airbus,186.2242941,51,69.92252275,,29.09840826,4.388452568,1040.615949
airbus,153.1996843,54,73.91835262,,25.50843273,3.730789704,807.3452852
airbus,214.7272139,65,114.6479661,114.1625163,35.64028152,3.800254855,3541.577755
airbus,175.5331136,61,65.03708479,,13.80759044,3.494854995,280.804403
airbus,176.4541374,68,67.75935148,,44.61654227,3.784397278,786.1395485
airbus,231.8811741,63,68.89774664,,31.85002304,3.811522627,764.0399475
airbus,182.447763,66,52.70784152,,24.30264115,4.185966609,317.8126866
airbus,161.2436905,60,77.83163199,,45.60047345,4.031694409,1173.405878
airbus,167.2506173,71,82.95117868,,53.43861809,4.034663926,1484.960332
airbus,188.3740487,53,88.89621009,,22.91391638,4.003595751,1418.804221
airbus,199.3350138,63,106.3254225,105.1100682,42.97277632,3.62633033,2762.476052
airbus,115.3828724,70,56.84339055,,41.06198086,3.503821944,754.7828484
airbus,156.9548494,55,87.50800546,,30.62008607,3.592569656,1548.473874
airbus,191.3109294,66,44.25848385,,49.28774347,3.697140061,901.4067044
airbus,162.5208408,62,74.91630489,,14.39986833,3.112930336,433.6600057
airbus,199.4951915,55,64.46202808,,26.65628623,4.294390317,767.761571
airbus,157.9375369,67,61.15369948,,34.59045803,4.592349939,867.007832
airbus,199.9196918,48,109.3011624,109.5566282,33.06651395,4.035050258,3177.188542
airbus,203.3210359,50,64.65814103,,35.12230157,3.588417102,789.5431446
airbus,250.5817036,74,73.19758061,,45.3973261,3.85148832,1013.301747
airbus,157.9149769,68,56.49798666,,-0.067758596,4.69287684,380.362982
airbus,127.2289394,61,79.62597874,,32.89637701,3.748077952,1059.545819
airbus,140.6994808,60,75.93963973,,16.33051328,4.432990321,990.1458144
airbus,139.3138103,44,99.59684155,99.16026635,35.18703009,3.840266715,2116.080919
airbus,50.05116643,63,55.95926684,,39.20814966,3.703774614,833.5749476
airbus,114.0949779,56,86.05356781,,28.55107577,3.980505593,1392.42027
airbus,84.37514633,49,112.1897203,112.1901832,30.20255887,4.753384495,3313.067221
airbus,166.046929,56,84.91497719,,38.03567877,3.671271295,1218.702075
airbus,185.4025176,87,92.12527293,,45.0936077,3.418271365,1826.801001
airbus,184.6744639,60,88.80057373,,20.82280529,4.087683565,1366.405577
airbus,114.8962541,58,75.88261353,,46.1598761,5.037383232,1178.602214
airbus,150.0303921,67,87.57164427,,17.53824923,3.022594749,1219.623902
airbus,203.4089821,57,80.01939177,,31.88202719,4.452646407,1155.989184
airbus,177.2596492,63,98.59361845,97.48392989,22.1261515,3.431559437,1899.708428
airbus,273.5911129,62,76.18591684,,19.26983457,4.102909108,789.1410685
airbus,177.2176392,67,90.67260454,,30.35488766,3.713248994,1638.11599
airbus,199.579461,71,81.55425377,,30.04799017,3.838942736,1264.932429
airbus,192.5824221,60,110.408123,110.0385724,39.81728097,2.826184149,2919.579313
airbus,173.771415,65,94.74179987,95.28744661,38.73191815,3.158702996,1882.941249
airbus,188.4082253,56,65.93868389,,32.01528619,4.137885102,816.2221143
airbus,176.0848911,58,88.01341888,,16.69810206,4.069899498,1380.273724
airbus,111.2146529,65,68.36399889,,47.38931847,3.313415258,969.5455753
airbus,177.191663,69,92.80898681,,29.64641465,4.164387477,1960.476813
airbus,140.4931513,61,92.38635881,,19.29345532,4.050724597,1714.899996
airbus,158.5350301,62,118.5189786,117.6542334,25.78506914,3.523655323,3469.146767
airbus,156.4361762,72,81.74718687,,36.07710678,3.732121337,1125.969537
airbus,221.5924584,48,76.36854228,,19.3951517,4.873642343,932.5718775
airbus,199.9211603,53,58.56640044,,35.20095922,3.064309713,634.0909931
airbus,106.8192769,77,63.22220781,,34.75932205,3.915841151,656.1869566
airbus,289.3204932,55,81.69133242,,12.31579587,3.721318828,829.186392
airbus,179.1941938,52,87.93796705,,18.54647871,3.874063938,1243.034556
airbus,182.2671108,60,89.70877505,,32.73877531,3.335330995,1479.433432
airbus,180.34832,61,59.15154882,,27.88003868,3.2393236,475.1548996
airbus,94.82857405,49,86.48322591,,29.28925182,3.781125988,1555.525913
airbus,145.7793948,52,111.6739179,111.3323623,36.04280289,3.514983354,3311.836958
airbus,207.1084524,64,83.00126293,,19.73776505,4.472846572,1116.558817
airbus,149.208591,66,63.8178895,,11.23802134,3.603871806,370.4707416
airbus,128.5871575,62,86.23950441,,10.75378048,4.113208231,1158.589179
airbus,163.5236405,62,72.02802425,,0.086105484,3.622056665,537.9195819
airbus,61.20676584,63,76.03590209,,27.95155691,3.798080333,1296.767254
airbus,96.7653752,82,90.74431331,,33.02448933,3.545556835,1811.98402
airbus,142.0631085,70,74.89113581,,32.80041371,3.016805584,811.3224438
airbus,224.0518877,67,96.43948242,,29.38584292,3.455092402,1728.491126
airbus,194.6889021,61,113.8188404,113.5705503,33.46677406,3.631032377,3296.364953
airbus,190.7683945,60,74.51577718,,44.46310419,3.763501463,1122.188939
airbus,144.8291752,53,88.20592325,,27.99095196,3.090960384,1259.173759
airbus,150.9467443,58,66.42111947,,-2.915335901,3.122558365,34.08078329
airbus,157.9752072,56,109.1816473,108.2319853,21.2491049,3.262347892,2810.695764
airbus,171.3706989,57,85.84925688,,41.86780181,3.576608151,1715.528046
airbus,183.6184993,69,53.53924252,,31.73942291,3.523774913,349.1585165
airbus,163.2311892,64,56.31880427,,28.37444396,3.262140025,479.5753874
airbus,105.1390138,53,60.00618462,,35.91241795,3.923337806,561.2723221
airbus,49.01211465,53,82.70783809,,27.06233505,4.248736849,1312.668291
airbus,201.1879818,54,99.01740128,98.22192089,39.31964742,4.393525327,2481.258125
airbus,212.0540361,63,51.58704453,,20.45128581,3.063686215,133.0869099
airbus,196.0301147,59,85.68713179,,6.227517752,3.778378927,976.4336854
airbus,132.1438799,70,90.18187333,,23.84447855,4.23333018,1539.685521
airbus,189.5810891,58,61.00391424,,37.35025877,3.297733757,498.7680133
airbus,162.3129534,55,78.70704989,,31.43974554,3.406534749,1138.942438
airbus,178.3369518,55,87.01595849,,38.19466234,4.355065854,1693.402706
airbus,156.4574255,59,72.59124401,,14.08262796,3.735243852,408.9792273
airbus,144.8227514,65,92.58711172,,20.58854013,3.198032728,1710.348663
airbus,91.65157227,76,89.53960113,,47.5988051,4.298323334,1862.555008
airbus,98.99261654,65,66.22660572,,31.51566151,4.238685082,587.1886723
airbus,100.0862459,49,73.47329101,,33.85739671,3.467551451,892.0227826
airbus,119.5131371,75,82.09935633,,39.80953129,2.779053526,1186.67643
airbus,119.4361523,54,89.77667861,,28.42870425,3.93559002,1285.547257
airbus,253.7276847,53,67.7263771,,28.10090403,4.816602792,714.5146546
airbus,156.1887382,59,76.16738523,,51.1665656,3.258085191,1198.939119
airbus,201.6690208,52,75.80142441,,38.40436014,3.119549314,1051.56976
airbus,117.4447859,60,77.92743372,,18.99212888,4.121860202,779.897229
airbus,150.5505941,69,67.8174223,,41.12151685,4.20268539,925.6784061
airbus,121.9199639,65,108.1449835,106.7040008,21.44446333,3.355367308,2435.824509
airbus,122.7319416,64,67.91505093,,34.47702928,3.922649094,776.2641861
airbus,190.7394255,77,47.88211705,,14.83596436,2.732284284,41.72231273
airbus,95.84732491,62,96.9226956,99.83695109,21.41885543,3.844892211,2093.996596
airbus,149.3313058,62,98.72752117,98.14793228,16.09713944,4.318246248,1885.745602
airbus,198.3683363,56,85.73443315,,49.27255297,4.442601263,1712.625125
airbus,191.4250169,66,98.26399099,99.96063447,45.14896675,4.39389991,2640.378845
airbus,155.9865814,64,86.02513647,,41.65611685,3.721644369,1598.20407
airbus,93.0636244,59,72.92618634,,22.45863748,4.164602571,853.0343444
airbus,137.8511967,61,76.09566918,,25.08548361,3.234873952,691.6913571
airbus,111.8779042,62,68.19384724,,31.78729273,4.358251221,709.5596446
airbus,152.5580229,67,75.56452452,,48.51740255,3.505570648,978.8728436
airbus,217.8366229,68,77.66703918,,35.21698843,3.176208495,1070.815564
airbus,202.109094,53,76.33480575,,50.74593136,3.541996283,1052.69155
airbus,187.5293351,70,74.59900988,,17.90476771,4.630613519,892.9839743
airbus,216.5580975,69,59.85166195,,28.24462139,3.42948626,758.987257
airbus,214.2204851,45,72.49061676,,33.2281252,4.369316488,748.7667918
airbus,188.7845289,58,81.22862717,,29.02450722,2.671331652,978.5938559
airbus,94.59539405,62,63.61875501,,31.61917364,3.604068747,574.1738513
airbus,196.975618,54,79.15267137,,13.66217966,3.940031936,813.234404
airbus,151.3893388,59,69.47521642,,24.96928087,3.818775011,690.5195219
airbus,169.7493752,65,43.92355513,,43.0507708,3.365143744,735.8234111
airbus,214.7850611,59,56.28522562,,19.09794749,3.915127853,321.5163272
airbus,115.8692239,45,86.87587998,,34.83807111,3.799768372,1262.153891
airbus,81.88478687,63,70.80389628,,36.42243107,3.606524341,816.958983
airbus,140.6712014,48,120.4547557,118.672604,30.35150695,4.37107172,3891.471892
airbus,204.5643728,69,76.61482289,,11.47229332,3.263243555,636.7413758
airbus,100.2530725,61,41.10099138,,34.56394186,3.490938919,668.9332002
airbus,305.6217107,55,75.50684422,,18.82215165,3.432051459,748.1707834
airbus,197.9750575,61,69.86545468,,31.20920385,4.07508332,767.926677
airbus,58.97387784,62,88.66267132,,16.22446817,2.829699189,1359.840654
airbus,119.6314577,68,66.3615355,,34.62497826,4.024319476,883.59894
airbus,156.102586,63,67.87650454,,31.00715971,3.873278053,637.6481156
airbus,128.687941,56,43.85280538,,34.11455859,3.312578244,554.0661689
airbus,170.4219772,56,89.87005931,,46.85879289,3.650835863,1734.331555
airbus,256.1569529,63,73.14391049,,37.06413829,4.648520866,1242.840047
airbus,211.2541656,56,74.33739387,,11.5161396,2.799020476,485.194727
airbus,160.8415769,48,87.55146884,,28.54558292,4.422983098,1410.189037
airbus,220.3083652,57,101.1302048,101.8064291,32.9522801,4.159191807,2461.987914
airbus,176.417224,56,81.22405211,,28.47830759,4.190207714,1134.880687
airbus,160.3199626,74,77.64145513,,27.19706266,4.699962291,863.7980085
airbus,199.5028201,72,58.51214681,,38.59093074,3.547046629,432.7322259
airbus,195.6610868,61,72.62913278,,24.36214426,3.639945372,714.3259943
airbus,148.4472721,64,84.34088335,,11.67176382,3.339841465,1085.484135
airbus,157.8742146,69,63.31156007,,41.29028614,4.013436584,698.4828123
airbus,111.1851193,52,74.92900361,,31.60327407,4.628387271,1046.164388
airbus,91.30574953,53,86.35628907,,27.52900347,3.862561382,1381.5602
airbus,137.5857278,66,126.2443005,127.9371077,35.17570131,2.701923695,4795.635706
airbus,110.835927,71,78.04327367,,29.50890746,4.5824513,1122.283619
airbus,71.56954548,65,95.78227241,96.31288161,27.68633044,3.41714011,1740.901889
airbus,121.1276222,64,81.32780572,,39.35926355,4.509284635,1419.85246
airbus,170.1161781,54,112.8293152,108.2162395,35.47968249,4.030304198,2808.991123
airbus,163.6750053,55,113.0207277,114.8778604,28.63764036,4.754210776,3559.758482
airbus,156.9699093,56,82.09310996,,12.87821738,3.602159326,899.5886068
airbus,198.4223514,58,64.3051468,,17.45659328,3.822194637,383.9057812
airbus,85.68192457,56,97.34539988,96.17499873,19.2392723,3.319057758,1790.239128
airbus,183.1313273,62,81.25020911,,29.00521549,4.029149785,1193.081384
airbus,83.53692353,71,78.51181995,,18.34178955,3.57327993,785.9643676
airbus,199.2180226,53,66.38524424,,31.97498869,3.569259651,757.8580224
airbus,167.3873776,53,85.94355555,,9.16462597,3.160168096,1107.697072
airbus,129.6726036,68,67.9557314,,14.71743356,4.302377607,436.6787793
airbus,113.3860908,66,64.35053655,,28.29385882,4.397612901,537.8561244
airbus,87.89550164,63,77.21930968,,27.54952762,4.091366209,1076.225918
airbus,156.3172855,60,88.88024498,,29.78919442,4.236074532,1588.817131
airbus,175.6902467,62,56.58802737,,48.83524839,4.02315139,840.8557082
airbus,259.0979167,54,54.95332326,,30.95430341,4.026187428,561.4469058
airbus,110.5828156,62,99.69190565,97.49078523,24.088743,3.872402783,1783.812915
airbus,183.3533457,64,78.9105948,,25.51774166,4.493081644,870.0946567
airbus,150.6005316,49,111.236563,109.854302,42.83249745,3.919741519,3156.526164
airbus,239.9922182,68,104.1958642,104.962611,27.31738138,3.837823804,2606.249566
airbus,117.9726877,62,88.11053105,,28.39527145,3.83737815,1539.761361
airbus,218.8754213,61,70.70159643,,34.60857841,3.33170461,737.5672275
airbus,127.8075232,62,81.75988418,,38.95688639,4.450357037,1526.750885
airbus,140.4531145,75,120.4189481,118.484704,31.26344553,2.796731407,3470.583829
airbus,124.9105852,64,65.76400118,,36.57183755,3.236835994,606.0299801
airbus,153.4373725,61,54.59347545,,29.14861368,3.271563198,424.1617577
airbus,123.072463,62,106.0794922,105.3130287,32.78036722,3.362903595,2493.198165
airbus,197.4318345,45,81.37531786,,46.28556973,4.205275457,1459.502298
airbus,180.3701633,63,81.06089092,,24.40367572,3.514428438,1075.149073
airbus,94.49063602,62,69.28390113,,32.27471631,4.120165894,836.4896341
airbus,137.8029431,56,68.07861303,,44.6805022,3.969976794,1083.831175
airbus,208.1607048,63,93.50802832,,36.97929804,3.937884685,1786.875878
airbus,88.52754911,70,89.16963288,,19.83914926,4.00675958,1315.973596
airbus,73.80325074,56,85.56687029,,34.03933298,3.796093283,1414.278459
airbus,162.5458696,50,73.33849972,,25.77747166,4.322340211,929.5709938
airbus,130.8508833,63,97.37950472,96.72959379,22.49912562,3.810676787,2092.856412
airbus,89.27930197,63,82.73889044,,34.43139417,4.245838134,1511.464442
airbus,42.14622616,63,46.2647185,,20.49071151,3.481912155,383.5584978
airbus,146.1091766,57,69.55727731,,34.2722454,4.877962797,854.4655856
airbus,164.6229486,75,86.60300886,,27.66435906,4.579673934,1366.382745
airbus,189.8452158,53,86.18133046,,25.9097867,3.279774766,1327.187909
airbus,116.604498,70,94.02430117,,24.36735618,3.664756798,1610.415296
airbus,260.5018924,53,63.48900055,,35.3713571,3.972208372,812.1631705
airbus,246.4444735,55,78.54413781,,32.42908559,4.490561684,972.1064659
airbus,162.9646944,74,79.65962949,,31.44825311,3.80750177,1092.87485
airbus,186.09732,53,98.43811554,98.56169854,48.84702262,3.312405264,2299.952371
airbus,212.5529073,59,70.24511023,,26.20301409,3.087091972,647.0521832
airbus,162.7145623,54,98.1873349,96.51504465,29.62519329,3.053515269,1975.110568
airbus,109.9135844,64,95.80281875,,21.54952752,3.494146252,1711.494175
airbus,199.3602349,55,71.30305363,,15.09942634,3.597743434,455.5554669
airbus,151.2059495,59,81.31015594,,41.69291297,3.65910168,1519.31904
airbus,207.6915985,61,54.54233805,,19.61084509,3.973054046,397.0120056
airbus,98.17629676,60,53.74913461,,25.54578925,3.714200599,378.8257827
airbus,153.0251295,56,88.10262412,,21.24790952,3.155940597,1296.224223
airbus,139.9419452,68,73.28272834,,25.98354788,3.673686274,805.0967422
airbus,149.6510893,46,69.03768844,,48.55984506,4.197399096,1127.800533
airbus,154.2362261,65,102.8789414,100.669306,24.34751621,2.93575671,2119.313595
airbus,152.1333182,49,67.96474782,,43.97369797,4.612675863,1097.377865
airbus,236.1398952,54,61.26157521,,26.56885013,4.382293423,455.5132348
airbus,156.0133553,72,96.41315367,96.12696538,20.47281635,4.304832015,1816.594145
airbus,122.3350694,56,99.55913494,98.87575247,35.56125549,3.894867678,2283.194945
airbus,168.5574828,60,93.26923594,,33.65245247,3.341867558,1858.052054
airbus,205.027786,59,79.86120223,,46.33542032,4.655615499,1189.828424
airbus,230.3239818,58,55.10863179,,29.8594981,3.259954162,270.8367624
airbus,124.6970182,51,109.7849933,110.5696477,10.0999908,4.46546064,3054.412406
airbus,155.022078,59,61.46172389,,24.81809817,3.833905478,617.0306289
airbus,141.8086683,50,69.83568544,,42.74565356,4.503717601,815.0716855
airbus,131.2938161,60,60.03058394,,36.99458001,4.163205296,581.8101199
airbus,106.2925417,63,92.80782676,,31.32491003,3.480689234,1477.859812
airbus,112.8240276,68,73.96730626,,20.10930335,4.343792773,755.7853101
airbus,58.18001639,56,68.02434912,,32.74076808,4.683734142,950.5763889
airbus,182.6455026,69,105.8872485,107.5280381,35.28618893,3.389987151,2948.809709
airbus,103.4774497,62,85.02644786,,11.7165881,3.858521087,1287.763774
airbus,269.113862,56,65.51619904,,30.8056276,3.252639354,753.7205188
airbus,302.9671232,64,70.22725327,,37.41839703,3.249907311,847.9290801
airbus,94.42953767,61,86.41953706,,25.40327784,4.71932868,1561.029784
airbus,228.000618,60,58.90287441,,31.57923272,4.247532358,595.0313168
airbus,207.9531306,60,76.82678955,,33.62047758,3.570255292,1181.735409
airbus,117.2592586,61,66.07980114,,14.56500819,3.712296045,436.1478345
airbus,203.3873801,67,60.5600851,,29.77263218,3.746156229,698.8950407
airbus,228.341007,56,82.20079625,,20.83630691,3.768683389,1086.186242
airbus,149.8382978,64,70.22595823,,18.12848925,4.376102551,626.8201264
airbus,106.3736351,66,53.37240981,,51.00335315,2.827557252,538.9741479
airbus,65.12717917,71,78.51897391,,22.21710418,3.967321438,1085.606634
airbus,161.2310943,62,100.6301934,100.8774616,20.28865467,2.86164021,1990.853228
airbus,164.8394535,62,93.39940371,95.57054671,25.82690612,3.103441962,1868.165241
airbus,127.3060964,60,99.68959582,99.45919984,28.9708639,4.107102568,2032.774255
airbus,179.5560312,60,81.17964479,,33.22798743,3.993041724,1159.346783
airbus,62.30558489,69,74.46300349,,28.60178136,3.678663733,1083.731746
airbus,110.4014507,61,59.53094394,,33.42485576,3.232651295,657.5039955
airbus,126.0784354,54,36.42138886,,33.79969989,4.866110639,869.033734
airbus,92.17284015,58,48.17280451,,34.75701593,3.948344255,558.3650559
airbus,132.2714247,50,87.91721482,,37.7870359,3.742716355,1644.088729
airbus,207.1729923,64,85.50689871,,21.38884215,3.814271698,1304.902883
airbus,180.7712327,59,66.81339481,,42.71437722,4.147879536,772.6364817
airbus,117.7651218,51,77.08609811,,18.38986927,3.45148911,677.5833959
airbus,157.5785838,64,101.3749652,101.3538341,21.40523585,3.239965477,2028.967582
airbus,247.5271891,58,68.24546682,,13.85926085,3.418320212,492.7502387
airbus,130.9022519,62,87.06464491,,36.29385056,3.864921322,1606.312266
airbus,119.1088102,66,93.91898426,,11.19804437,4.26384809,1504.745885
airbus,130.3191237,58,110.7670187,112.5317815,50.7657991,3.384855982,3437.656675
airbus,91.53095808,53,88.57020134,,23.79223159,3.632335732,1281.281545
airbus,89.11968796,52,69.99569064,,39.55013488,3.575876114,1016.676623
airbus,176.9410173,59,89.50260072,,36.17566577,3.337313255,1701.149452
airbus,248.7291078,58,49.46213365,,16.79617777,3.761689306,452.1312638
airbus,175.5144303,49,125.2123041,125.1385489,22.5247789,4.365772364,4254.933264
airbus,261.3870142,68,57.08470944,,15.76169156,3.804996073,350.6024053
airbus,127.4727586,54,91.01010023,,29.87111654,4.225275871,1897.822824
airbus,133.7396172,50,52.33337056,,18.03810453,3.935193203,513.4957619
airbus,165.013275,49,91.11036862,,40.41712841,3.543305741,1626.168341
airbus,146.4666888,65,72.04796786,,33.33674604,3.928518811,739.7373454
airbus,168.6393803,67,88.52277006,,36.18513888,3.827890205,1574.195672
airbus,68.15594989,64,91.94960753,,27.80532902,3.80921308,1878.764182
airbus,141.8887827,60,103.8669259,105.5593665,38.12730197,4.239918313,2711.463617
airbus,58.49989499,58,65.06845144,,47.5816043,4.203229763,946.4666681
airbus,98.76925427,73,91.26855729,,37.50511549,3.838951081,1818.95758
airbus,147.7175267,67,114.8466081,113.1708627,58.22779974,3.672758929,3665.803869
airbus,194.0244214,53,72.82946798,,45.54135712,4.426727957,1115.414089
airbus,134.685641,57,44.12613547,,27.18237906,3.012829431,417.5430727
airbus,220.0571274,61,120.557944,118.2881798,15.66565806,4.111265292,3499.733581
airbus,122.6022169,61,82.3482777,,30.26350256,3.83272325,1219.307584
airbus,127.0779905,58,83.19805699,,16.03000026,3.308080428,1022.084073
airbus,172.0493121,36,47.48676503,,13.98480994,4.299019716,250.6897614
airbus,98.50030781,66,123.3105307,124.3907675,22.32717581,4.276710488,4295.900613
airbus,165.1931324,58,89.95391415,,30.85740255,4.172189451,1711.614225
airbus,104.6341753,63,69.08394077,,28.39746188,4.172567161,812.319934
airbus,264.5933748,55,102.7465048,102.4124714,38.53402083,4.169718248,2623.651257
airbus,182.748872,71,84.33333977,,28.93296315,2.991413551,1190.022823
airbus,80.47736279,67,60.78919541,,33.79745304,3.723569973,563.1026686
airbus,194.9919854,68,91.15047186,,15.37849376,3.512774445,1445.163434
airbus,149.3603624,67,98.02641239,99.42168877,40.99305284,4.726821024,2440.381218
airbus,98.46145525,50,73.93961616,,42.35338364,3.957104262,1027.213466
airbus,114.2348568,57,79.98270334,,42.24475126,3.785954219,1162.404395
airbus,118.5760718,63,75.36817162,,31.34077614,3.558019953,960.2555964
airbus,200.6213662,63,77.1484593,,23.60242253,3.020177825,899.4305586
airbus,124.1401026,59,66.4646404,,48.0677903,4.165659771,853.8645378
